Publish Interval,Array Size,Std Deviation
32426,64,1798.68138
16213,128,1093.840431
8106,256,1217.265949
4053,512,1061.470601
2026,1024,451.7646199
1013,2048,678.1628261
506,4096,511.437499
253,8192,416.6238174
126,16384,1035.014065
63,32768,785.4518103