Publish Interval,Array Size,Throughput
63,32768,16533531.229501905
126,16384,16525398.688260816
253,8192,16582389.473479018
506,4096,16588565.010512883
1013,2048,16600879.394936886
2026,1024,16617571.49476012
4053,512,16651483.326071477
