Publish Interval,Array Size,Std Deviation
32426,64,7284.198334
16213,128,6907.201279
8106,256,6918.228015
4053,512,10921.69706
2026,1024,9809.309052
1013,2048,7993.000541
506,4096,8273.353167
253,8192,8814.863677
126,16384,12026.0267
63,32768,14614.89699